[
  {
    "model": "finance.GLAccount",
    "pk": 1,
    "fields": {
      "account_code": "1000-AR",
      "account_name": "Accounts Receivable",
      "account_type": "ASSET",
      "account_category": "CURRENT_ASSET",
      "parent_account": null,
      "is_active": true,
      "requires_department": false,
      "description": "Student accounts receivable",
      "created_at": "2024-01-01T08:00:00Z",
      "updated_at": "2024-01-01T08:00:00Z",
      "created_by": 1,
      "updated_by": 1
    }
  },
  {
    "model": "finance.GLAccount",
    "pk": 2,
    "fields": {
      "account_code": "4100-TF",
      "account_name": "Tuition and Fees Revenue",
      "account_type": "REVENUE",
      "account_category": "OPERATING_REVENUE",
      "parent_account": null,
      "is_active": true,
      "requires_department": true,
      "description": "Revenue from tuition and fees",
      "created_at": "2024-01-01T08:00:00Z",
      "updated_at": "2024-01-01T08:00:00Z",
      "created_by": 1,
      "updated_by": 1
    }
  },
  {
    "model": "finance.GLAccount",
    "pk": 3,
    "fields": {
      "account_code": "1100-CASH",
      "account_name": "Cash - Operating",
      "account_type": "ASSET",
      "account_category": "CURRENT_ASSET",
      "parent_account": null,
      "is_active": true,
      "requires_department": false,
      "description": "Operating cash accounts",
      "created_at": "2024-01-01T08:00:00Z",
      "updated_at": "2024-01-01T08:00:00Z",
      "created_by": 1,
      "updated_by": 1
    }
  },
  {
    "model": "finance.GLAccount",
    "pk": 4,
    "fields": {
      "account_code": "9999-RECON",
      "account_name": "Reconciliation Adjustments",
      "account_type": "EXPENSE",
      "account_category": "ADMINISTRATIVE_EXPENSE",
      "parent_account": null,
      "is_active": true,
      "requires_department": false,
      "description": "Reconciliation variance adjustments",
      "created_at": "2024-01-01T08:00:00Z",
      "updated_at": "2024-01-01T08:00:00Z",
      "created_by": 1,
      "updated_by": 1
    }
  },
  {
    "model": "finance.DefaultPricing",
    "pk": 1,
    "fields": {
      "cycle": 1,
      "domestic_price": "450.00",
      "foreign_price": "500.00",
      "effective_date": "2024-01-01",
      "end_date": null,
      "notes": "BA program default pricing",
      "created_at": "2024-01-01T08:00:00Z",
      "updated_at": "2024-01-01T08:00:00Z",
      "created_by": 1,
      "updated_by": 1
    }
  },
  {
    "model": "finance.DefaultPricing",
    "pk": 2,
    "fields": {
      "cycle": 2,
      "domestic_price": "500.00",
      "foreign_price": "550.00",
      "effective_date": "2024-01-01",
      "end_date": null,
      "notes": "MA program default pricing",
      "created_at": "2024-01-01T08:00:00Z",
      "updated_at": "2024-01-01T08:00:00Z",
      "created_by": 1,
      "updated_by": 1
    }
  },
  {
    "model": "finance.DefaultPricing",
    "pk": 3,
    "fields": {
      "cycle": 3,
      "domestic_price": "350.00",
      "foreign_price": "400.00",
      "effective_date": "2024-01-01",
      "end_date": null,
      "notes": "Language program default pricing",
      "created_at": "2024-01-01T08:00:00Z",
      "updated_at": "2024-01-01T08:00:00Z",
      "created_by": 1,
      "updated_by": 1
    }
  },
  {
    "model": "finance.CourseFixedPricing",
    "pk": 1,
    "fields": {
      "course": 1,
      "domestic_price": "600.00",
      "foreign_price": "650.00",
      "effective_date": "2024-01-01",
      "end_date": null,
      "notes": "Intensive program pricing",
      "created_at": "2024-01-01T08:00:00Z",
      "updated_at": "2024-01-01T08:00:00Z",
      "created_by": 1,
      "updated_by": 1
    }
  },
  {
    "model": "finance.SeniorProjectPricing",
    "pk": 1,
    "fields": {
      "tier": "1",
      "individual_price": "800.00",
      "foreign_individual_price": "900.00",
      "advisor_payment": "200.00",
      "committee_payment": "100.00",
      "effective_date": "2024-01-01",
      "end_date": null,
      "notes": "Single student senior project pricing",
      "created_at": "2024-01-01T08:00:00Z",
      "updated_at": "2024-01-01T08:00:00Z",
      "created_by": 1,
      "updated_by": 1
    }
  },
  {
    "model": "finance.SeniorProjectPricing",
    "pk": 2,
    "fields": {
      "tier": "2",
      "individual_price": "600.00",
      "foreign_individual_price": "700.00",
      "advisor_payment": "200.00",
      "committee_payment": "100.00",
      "effective_date": "2024-01-01",
      "end_date": null,
      "notes": "Two student senior project pricing",
      "created_at": "2024-01-01T08:00:00Z",
      "updated_at": "2024-01-01T08:00:00Z",
      "created_by": 1,
      "updated_by": 1
    }
  },
  {
    "model": "finance.SeniorProjectPricing",
    "pk": 3,
    "fields": {
      "tier": "3-4",
      "individual_price": "500.00",
      "foreign_individual_price": "600.00",
      "advisor_payment": "200.00",
      "committee_payment": "100.00",
      "effective_date": "2024-01-01",
      "end_date": null,
      "notes": "Three to four student senior project pricing",
      "created_at": "2024-01-01T08:00:00Z",
      "updated_at": "2024-01-01T08:00:00Z",
      "created_by": 1,
      "updated_by": 1
    }
  },
  {
    "model": "finance.SeniorProjectPricing",
    "pk": 4,
    "fields": {
      "tier": "5",
      "individual_price": "400.00",
      "foreign_individual_price": "500.00",
      "advisor_payment": "200.00",
      "committee_payment": "100.00",
      "effective_date": "2024-01-01",
      "end_date": null,
      "notes": "Five student senior project pricing",
      "created_at": "2024-01-01T08:00:00Z",
      "updated_at": "2024-01-01T08:00:00Z",
      "created_by": 1,
      "updated_by": 1
    }
  },
  {
    "model": "finance.SeniorProjectCourse",
    "pk": 1,
    "fields": {
      "course": 1,
      "project_code": "BUS-489",
      "major_name": "Business Administration",
      "allows_groups": true,
      "is_active": true,
      "created_at": "2024-01-01T08:00:00Z",
      "updated_at": "2024-01-01T08:00:00Z",
      "created_by": 1,
      "updated_by": 1
    }
  },
  {
    "model": "finance.SeniorProjectCourse",
    "pk": 2,
    "fields": {
      "course": 2,
      "project_code": "IR-489",
      "major_name": "International Relations",
      "allows_groups": true,
      "is_active": true,
      "created_at": "2024-01-01T08:00:00Z",
      "updated_at": "2024-01-01T08:00:00Z",
      "created_by": 1,
      "updated_by": 1
    }
  },
  {
    "model": "finance.SeniorProjectCourse",
    "pk": 3,
    "fields": {
      "course": 3,
      "project_code": "FIN-489",
      "major_name": "Finance",
      "allows_groups": true,
      "is_active": true,
      "created_at": "2024-01-01T08:00:00Z",
      "updated_at": "2024-01-01T08:00:00Z",
      "created_by": 1,
      "updated_by": 1
    }
  },
  {
    "model": "finance.SeniorProjectCourse",
    "pk": 4,
    "fields": {
      "course": 4,
      "project_code": "THM-433",
      "major_name": "Theology/Ministry",
      "allows_groups": true,
      "is_active": true,
      "created_at": "2024-01-01T08:00:00Z",
      "updated_at": "2024-01-01T08:00:00Z",
      "created_by": 1,
      "updated_by": 1
    }
  },
  {
    "model": "finance.ReadingClassPricing",
    "pk": 1,
    "fields": {
      "cycle": 1,
      "tier": "1-2",
      "domestic_price": "700.00",
      "foreign_price": "800.00",
      "effective_date": "2024-01-01",
      "end_date": null,
      "notes": "BA tutorial pricing",
      "created_at": "2024-01-01T08:00:00Z",
      "updated_at": "2024-01-01T08:00:00Z",
      "created_by": 1,
      "updated_by": 1
    }
  },
  {
    "model": "finance.ReadingClassPricing",
    "pk": 2,
    "fields": {
      "cycle": 1,
      "tier": "3-5",
      "domestic_price": "550.00",
      "foreign_price": "650.00",
      "effective_date": "2024-01-01",
      "end_date": null,
      "notes": "BA small class pricing",
      "created_at": "2024-01-01T08:00:00Z",
      "updated_at": "2024-01-01T08:00:00Z",
      "created_by": 1,
      "updated_by": 1
    }
  },
  {
    "model": "finance.ReadingClassPricing",
    "pk": 3,
    "fields": {
      "cycle": 1,
      "tier": "6-15",
      "domestic_price": "450.00",
      "foreign_price": "500.00",
      "effective_date": "2024-01-01",
      "end_date": null,
      "notes": "BA medium class pricing",
      "created_at": "2024-01-01T08:00:00Z",
      "updated_at": "2024-01-01T08:00:00Z",
      "created_by": 1,
      "updated_by": 1
    }
  },
  {
    "model": "finance.FeePricing",
    "pk": 1,
    "fields": {
      "name": "Registration Fee",
      "fee_type": "REGISTRATION",
      "local_amount": "25.00",
      "foreign_amount": "30.00",
      "currency": "USD",
      "effective_date": "2024-01-01",
      "end_date": null,
      "description": "Semester registration fee",
      "is_mandatory": true,
      "is_per_course": false,
      "is_per_term": true,
      "created_at": "2024-01-01T08:00:00Z",
      "updated_at": "2024-01-01T08:00:00Z",
      "created_by": 1,
      "updated_by": 1
    }
  },
  {
    "model": "finance.FeePricing",
    "pk": 2,
    "fields": {
      "name": "Application Fee",
      "fee_type": "APPLICATION",
      "local_amount": "50.00",
      "foreign_amount": "75.00",
      "currency": "USD",
      "effective_date": "2024-01-01",
      "end_date": null,
      "description": "One-time application fee",
      "is_mandatory": true,
      "is_per_course": false,
      "is_per_term": false,
      "created_at": "2024-01-01T08:00:00Z",
      "updated_at": "2024-01-01T08:00:00Z",
      "created_by": 1,
      "updated_by": 1
    }
  },
  {
    "model": "finance.FeePricing",
    "pk": 3,
    "fields": {
      "name": "Library Fee",
      "fee_type": "LIBRARY",
      "local_amount": "15.00",
      "foreign_amount": "20.00",
      "currency": "USD",
      "effective_date": "2024-01-01",
      "end_date": null,
      "description": "Library access and services fee",
      "is_mandatory": true,
      "is_per_course": false,
      "is_per_term": true,
      "created_at": "2024-01-01T08:00:00Z",
      "updated_at": "2024-01-01T08:00:00Z",
      "created_by": 1,
      "updated_by": 1
    }
  },
  {
    "model": "finance.FeePricing",
    "pk": 4,
    "fields": {
      "name": "Technology Fee",
      "fee_type": "TECHNOLOGY",
      "local_amount": "20.00",
      "foreign_amount": "25.00",
      "currency": "USD",
      "effective_date": "2024-01-01",
      "end_date": null,
      "description": "Technology infrastructure fee",
      "is_mandatory": true,
      "is_per_course": false,
      "is_per_term": true,
      "created_at": "2024-01-01T08:00:00Z",
      "updated_at": "2024-01-01T08:00:00Z",
      "created_by": 1,
      "updated_by": 1
    }
  },
  {
    "model": "finance.FeePricing",
    "pk": 5,
    "fields": {
      "name": "Late Payment Fee",
      "fee_type": "LATE_PAYMENT",
      "local_amount": "50.00",
      "foreign_amount": "50.00",
      "currency": "USD",
      "effective_date": "2024-01-01",
      "end_date": null,
      "description": "Late payment penalty fee",
      "is_mandatory": false,
      "is_per_course": false,
      "is_per_term": false,
      "created_at": "2024-01-01T08:00:00Z",
      "updated_at": "2024-01-01T08:00:00Z",
      "created_by": 1,
      "updated_by": 1
    }
  },
  {
    "model": "finance.FeeGLMapping",
    "pk": 1,
    "fields": {
      "fee_type": "REGISTRATION",
      "fee_code": "REG_FEE",
      "revenue_account": 2,
      "receivable_account": 1,
      "effective_date": "2024-01-01",
      "end_date": null,
      "created_at": "2024-01-01T08:00:00Z",
      "updated_at": "2024-01-01T08:00:00Z",
      "created_by": 1,
      "updated_by": 1
    }
  },
  {
    "model": "finance.FeeGLMapping",
    "pk": 2,
    "fields": {
      "fee_type": "APPLICATION",
      "fee_code": "APP_FEE",
      "revenue_account": 2,
      "receivable_account": 1,
      "effective_date": "2024-01-01",
      "end_date": null,
      "created_at": "2024-01-01T08:00:00Z",
      "updated_at": "2024-01-01T08:00:00Z",
      "created_by": 1,
      "updated_by": 1
    }
  },
  {
    "model": "finance.FeeGLMapping",
    "pk": 3,
    "fields": {
      "fee_type": "LIBRARY",
      "fee_code": "LIB_FEE",
      "revenue_account": 2,
      "receivable_account": 1,
      "effective_date": "2024-01-01",
      "end_date": null,
      "created_at": "2024-01-01T08:00:00Z",
      "updated_at": "2024-01-01T08:00:00Z",
      "created_by": 1,
      "updated_by": 1
    }
  },
  {
    "model": "finance.CashierSession",
    "pk": 1,
    "fields": {
      "session_number": "CS-2024-001",
      "cashier": 1,
      "opened_at": "2024-01-15T08:00:00Z",
      "closed_at": "2024-01-15T17:00:00Z",
      "opening_balance": "500.00",
      "closing_balance": "1250.00",
      "expected_balance": "1250.00",
      "is_active": false,
      "notes": "Regular business day session",
      "created_at": "2024-01-15T08:00:00Z",
      "updated_at": "2024-01-15T17:00:00Z",
      "created_by": 1,
      "updated_by": 1
    }
  },
  {
    "model": "finance.Invoice",
    "pk": 1,
    "fields": {
      "invoice_number": "INV-2024-001",
      "student": 1,
      "term": 1,
      "status": "PAID",
      "issue_date": "2024-01-10",
      "due_date": "2024-02-10",
      "sent_date": "2024-01-10T09:00:00Z",
      "subtotal": "1350.00",
      "tax_amount": "0.00",
      "total_amount": "1350.00",
      "paid_amount": "1350.00",
      "currency": "USD",
      "version": 1,
      "notes": "Regular semester billing",
      "is_historical": false,
      "legacy_ipk": null,
      "legacy_receipt_number": "",
      "legacy_receipt_id": "",
      "legacy_notes": "",
      "legacy_processing_clerk": "",
      "original_amount": null,
      "discount_applied": "0.00",
      "reconstruction_status": "",
      "reconstruction_batch": null,
      "needs_reprocessing": false,
      "reprocessing_reason": "",
      "created_at": "2024-01-10T08:00:00Z",
      "updated_at": "2024-01-15T10:00:00Z",
      "created_by": 1,
      "updated_by": 1
    }
  },
  {
    "model": "finance.Invoice",
    "pk": 2,
    "fields": {
      "invoice_number": "INV-2024-002",
      "student": 2,
      "term": 1,
      "status": "PARTIALLY_PAID",
      "issue_date": "2024-01-12",
      "due_date": "2024-02-12",
      "sent_date": "2024-01-12T09:00:00Z",
      "subtotal": "1500.00",
      "tax_amount": "0.00",
      "total_amount": "1500.00",
      "paid_amount": "750.00",
      "currency": "USD",
      "version": 1,
      "notes": "International student billing",
      "is_historical": false,
      "legacy_ipk": null,
      "legacy_receipt_number": "",
      "legacy_receipt_id": "",
      "legacy_notes": "",
      "legacy_processing_clerk": "",
      "original_amount": null,
      "discount_applied": "0.00",
      "reconstruction_status": "",
      "reconstruction_batch": null,
      "needs_reprocessing": false,
      "reprocessing_reason": "",
      "created_at": "2024-01-12T08:00:00Z",
      "updated_at": "2024-01-18T14:00:00Z",
      "created_by": 1,
      "updated_by": 1
    }
  },
  {
    "model": "finance.InvoiceLineItem",
    "pk": 1,
    "fields": {
      "invoice": 1,
      "line_item_type": "COURSE",
      "description": "BUS-101 Introduction to Business",
      "unit_price": "450.00",
      "quantity": "1.00",
      "line_total": "450.00",
      "enrollment": 1,
      "fee_pricing": null,
      "legacy_program_code": "",
      "legacy_course_level": "",
      "pricing_method_used": "DEFAULT",
      "pricing_confidence": "HIGH",
      "base_amount": null,
      "discount_amount": "0.00",
      "discount_reason": "",
      "created_at": "2024-01-10T08:00:00Z",
      "updated_at": "2024-01-10T08:00:00Z",
      "created_by": 1,
      "updated_by": 1
    }
  },
  {
    "model": "finance.InvoiceLineItem",
    "pk": 2,
    "fields": {
      "invoice": 1,
      "line_item_type": "COURSE",
      "description": "ECO-201 Microeconomics",
      "unit_price": "450.00",
      "quantity": "1.00",
      "line_total": "450.00",
      "enrollment": 2,
      "fee_pricing": null,
      "legacy_program_code": "",
      "legacy_course_level": "",
      "pricing_method_used": "DEFAULT",
      "pricing_confidence": "HIGH",
      "base_amount": null,
      "discount_amount": "0.00",
      "discount_reason": "",
      "created_at": "2024-01-10T08:00:00Z",
      "updated_at": "2024-01-10T08:00:00Z",
      "created_by": 1,
      "updated_by": 1
    }
  },
  {
    "model": "finance.InvoiceLineItem",
    "pk": 3,
    "fields": {
      "invoice": 1,
      "line_item_type": "FEE",
      "description": "Registration Fee",
      "unit_price": "25.00",
      "quantity": "1.00",
      "line_total": "25.00",
      "enrollment": null,
      "fee_pricing": 1,
      "legacy_program_code": "",
      "legacy_course_level": "",
      "pricing_method_used": "FEE",
      "pricing_confidence": "HIGH",
      "base_amount": null,
      "discount_amount": "0.00",
      "discount_reason": "",
      "created_at": "2024-01-10T08:00:00Z",
      "updated_at": "2024-01-10T08:00:00Z",
      "created_by": 1,
      "updated_by": 1
    }
  },
  {
    "model": "finance.InvoiceLineItem",
    "pk": 4,
    "fields": {
      "invoice": 1,
      "line_item_type": "FEE",
      "description": "Library Fee",
      "unit_price": "15.00",
      "quantity": "1.00",
      "line_total": "15.00",
      "enrollment": null,
      "fee_pricing": 3,
      "legacy_program_code": "",
      "legacy_course_level": "",
      "pricing_method_used": "FEE",
      "pricing_confidence": "HIGH",
      "base_amount": null,
      "discount_amount": "0.00",
      "discount_reason": "",
      "created_at": "2024-01-10T08:00:00Z",
      "updated_at": "2024-01-10T08:00:00Z",
      "created_by": 1,
      "updated_by": 1
    }
  },
  {
    "model": "finance.InvoiceLineItem",
    "pk": 5,
    "fields": {
      "invoice": 1,
      "line_item_type": "FEE",
      "description": "Technology Fee",
      "unit_price": "20.00",
      "quantity": "1.00",
      "line_total": "20.00",
      "enrollment": null,
      "fee_pricing": 4,
      "legacy_program_code": "",
      "legacy_course_level": "",
      "pricing_method_used": "FEE",
      "pricing_confidence": "HIGH",
      "base_amount": null,
      "discount_amount": "0.00",
      "discount_reason": "",
      "created_at": "2024-01-10T08:00:00Z",
      "updated_at": "2024-01-10T08:00:00Z",
      "created_by": 1,
      "updated_by": 1
    }
  },
  {
    "model": "finance.InvoiceLineItem",
    "pk": 6,
    "fields": {
      "invoice": 2,
      "line_item_type": "COURSE",
      "description": "IR-301 International Politics",
      "unit_price": "500.00",
      "quantity": "1.00",
      "line_total": "500.00",
      "enrollment": 3,
      "fee_pricing": null,
      "legacy_program_code": "",
      "legacy_course_level": "",
      "pricing_method_used": "DEFAULT",
      "pricing_confidence": "HIGH",
      "base_amount": null,
      "discount_amount": "0.00",
      "discount_reason": "",
      "created_at": "2024-01-12T08:00:00Z",
      "updated_at": "2024-01-12T08:00:00Z",
      "created_by": 1,
      "updated_by": 1
    }
  },
  {
    "model": "finance.InvoiceLineItem",
    "pk": 7,
    "fields": {
      "invoice": 2,
      "line_item_type": "COURSE",
      "description": "IR-401 Diplomatic History",
      "unit_price": "500.00",
      "quantity": "1.00",
      "line_total": "500.00",
      "enrollment": 4,
      "fee_pricing": null,
      "legacy_program_code": "",
      "legacy_course_level": "",
      "pricing_method_used": "DEFAULT",
      "pricing_confidence": "HIGH",
      "base_amount": null,
      "discount_amount": "0.00",
      "discount_reason": "",
      "created_at": "2024-01-12T08:00:00Z",
      "updated_at": "2024-01-12T08:00:00Z",
      "created_by": 1,
      "updated_by": 1
    }
  },
  {
    "model": "finance.InvoiceLineItem",
    "pk": 8,
    "fields": {
      "invoice": 2,
      "line_item_type": "FEE",
      "description": "Registration Fee (Foreign)",
      "unit_price": "30.00",
      "quantity": "1.00",
      "line_total": "30.00",
      "enrollment": null,
      "fee_pricing": 1,
      "legacy_program_code": "",
      "legacy_course_level": "",
      "pricing_method_used": "FEE",
      "pricing_confidence": "HIGH",
      "base_amount": null,
      "discount_amount": "0.00",
      "discount_reason": "",
      "created_at": "2024-01-12T08:00:00Z",
      "updated_at": "2024-01-12T08:00:00Z",
      "created_by": 1,
      "updated_by": 1
    }
  },
  {
    "model": "finance.Payment",
    "pk": 1,
    "fields": {
      "payment_reference": "PAY-2024-001",
      "invoice": 1,
      "amount": "1350.00",
      "currency": "USD",
      "payment_method": "CASH",
      "status": "COMPLETED",
      "payment_date": "2024-01-15T10:00:00Z",
      "processed_date": "2024-01-15T10:05:00Z",
      "payer_name": "John Doe",
      "external_reference": "",
      "processed_by": 1,
      "notes": "Full semester payment in cash",
      "is_historical_payment": false,
      "legacy_ipk": null,
      "legacy_receipt_reference": "",
      "legacy_processing_clerk": "",
      "legacy_business_notes": "",
      "legacy_receipt_full_id": "",
      "legacy_program_code": "",
      "created_at": "2024-01-15T10:00:00Z",
      "updated_at": "2024-01-15T10:05:00Z",
      "created_by": 1,
      "updated_by": 1
    }
  },
  {
    "model": "finance.Payment",
    "pk": 2,
    "fields": {
      "payment_reference": "PAY-2024-002",
      "invoice": 2,
      "amount": "750.00",
      "currency": "USD",
      "payment_method": "BANK_TRANSFER",
      "status": "COMPLETED",
      "payment_date": "2024-01-18T14:00:00Z",
      "processed_date": "2024-01-18T14:15:00Z",
      "payer_name": "Jane Smith",
      "external_reference": "TXN-456789",
      "processed_by": 1,
      "notes": "Partial payment via bank transfer",
      "is_historical_payment": false,
      "legacy_ipk": null,
      "legacy_receipt_reference": "",
      "legacy_processing_clerk": "",
      "legacy_business_notes": "",
      "legacy_receipt_full_id": "",
      "legacy_program_code": "",
      "created_at": "2024-01-18T14:00:00Z",
      "updated_at": "2024-01-18T14:15:00Z",
      "created_by": 1,
      "updated_by": 1
    }
  },
  {
    "model": "finance.FinancialTransaction",
    "pk": 1,
    "fields": {
      "transaction_id": "TXN-2024-001",
      "transaction_type": "INVOICE_CREATED",
      "student": 1,
      "amount": "1350.00",
      "currency": "USD",
      "transaction_date": "2024-01-10T08:00:00Z",
      "description": "Invoice INV-2024-001 created",
      "invoice": 1,
      "payment": null,
      "processed_by": 1,
      "reference_data": {},
      "created_at": "2024-01-10T08:00:00Z",
      "updated_at": "2024-01-10T08:00:00Z",
      "created_by": 1,
      "updated_by": 1
    }
  },
  {
    "model": "finance.FinancialTransaction",
    "pk": 2,
    "fields": {
      "transaction_id": "TXN-2024-002",
      "transaction_type": "PAYMENT_RECEIVED",
      "student": 1,
      "amount": "-1350.00",
      "currency": "USD",
      "transaction_date": "2024-01-15T10:00:00Z",
      "description": "Payment PAY-2024-001 received",
      "invoice": 1,
      "payment": 1,
      "processed_by": 1,
      "reference_data": {"payment_method": "CASH"},
      "created_at": "2024-01-15T10:00:00Z",
      "updated_at": "2024-01-15T10:00:00Z",
      "created_by": 1,
      "updated_by": 1
    }
  },
  {
    "model": "finance.JournalEntry",
    "pk": 1,
    "fields": {
      "entry_number": "JE-2024-001",
      "entry_date": "2024-01-15",
      "accounting_period": "2024-01",
      "entry_type": "REVENUE",
      "status": "POSTED",
      "description": "Student payment received - Invoice INV-2024-001",
      "reference_number": "PAY-2024-001",
      "total_debits": "1350.00",
      "total_credits": "1350.00",
      "prepared_by": 1,
      "approved_by": 1,
      "approved_date": "2024-01-15T10:30:00Z",
      "posted_date": "2024-01-15T11:00:00Z",
      "reverses_entry": null,
      "source_system": "NAGA_SIS",
      "batch_id": "BATCH-2024-001",
      "notes": "Cash payment processing",
      "created_at": "2024-01-15T10:15:00Z",
      "updated_at": "2024-01-15T11:00:00Z",
      "created_by": 1,
      "updated_by": 1
    }
  },
  {
    "model": "finance.JournalEntryLine",
    "pk": 1,
    "fields": {
      "journal_entry": 1,
      "line_number": 1,
      "gl_account": 3,
      "debit_amount": "1350.00",
      "credit_amount": "0.00",
      "description": "Cash received from student payment",
      "reference_type": "PAYMENT",
      "reference_id": "PAY-2024-001",
      "department_code": "",
      "project_code": "",
      "created_at": "2024-01-15T10:15:00Z",
      "updated_at": "2024-01-15T10:15:00Z",
      "created_by": 1,
      "updated_by": 1
    }
  },
  {
    "model": "finance.JournalEntryLine",
    "pk": 2,
    "fields": {
      "journal_entry": 1,
      "line_number": 2,
      "gl_account": 1,
      "debit_amount": "0.00",
      "credit_amount": "1350.00",
      "description": "Accounts receivable reduction",
      "reference_type": "INVOICE",
      "reference_id": "INV-2024-001",
      "department_code": "",
      "project_code": "",
      "created_at": "2024-01-15T10:15:00Z",
      "updated_at": "2024-01-15T10:15:00Z",
      "created_by": 1,
      "updated_by": 1
    }
  },
  {
    "model": "finance.GLBatch",
    "pk": 1,
    "fields": {
      "batch_number": "BATCH-2024-001",
      "batch_date": "2024-01-15",
      "accounting_period": "2024-01",
      "status": "EXPORTED",
      "total_entries": 1,
      "total_amount": "1350.00",
      "export_file": "/exports/gl_batch_2024_001.csv",
      "exported_by": 1,
      "exported_date": "2024-01-15T12:00:00Z",
      "error_message": "",
      "notes": "Daily revenue posting batch",
      "created_at": "2024-01-15T11:30:00Z",
      "updated_at": "2024-01-15T12:00:00Z",
      "created_by": 1,
      "updated_by": 1
    }
  },
  {
    "model": "finance.ARReconstructionBatch",
    "pk": 1,
    "fields": {
      "batch_id": "AR-RECON-2024-001",
      "term_id": "2024S1",
      "processing_mode": "SUPERVISED",
      "status": "COMPLETED",
      "total_receipts": 150,
      "processed_receipts": 150,
      "successful_reconstructions": 140,
      "failed_reconstructions": 10,
      "pending_review_count": 5,
      "started_at": "2024-01-20T08:00:00Z",
      "completed_at": "2024-01-20T12:00:00Z",
      "processing_parameters": {"strict_mode": true, "auto_approve_threshold": 0.95},
      "variance_summary": {"total_variance": "125.50", "max_variance": "45.00"},
      "processing_log": "Batch processing completed successfully",
      "created_at": "2024-01-20T08:00:00Z",
      "updated_at": "2024-01-20T12:00:00Z",
      "created_by": 1,
      "updated_by": 1
    }
  },
  {
    "model": "finance.LegacyReceiptMapping",
    "pk": 1,
    "fields": {
      "legacy_ipk": 12345,
      "legacy_receipt_number": "R001234",
      "legacy_receipt_id": "R001234_JOHN_COMPUTER1",
      "legacy_student_id": "12345",
      "legacy_term_id": "2024S1",
      "generated_invoice": 1,
      "generated_payment": 1,
      "legacy_amount": "1350.00",
      "legacy_net_amount": "1350.00",
      "legacy_discount": "0.00",
      "reconstructed_total": "1350.00",
      "variance_amount": "0.00",
      "reconstruction_batch": 1,
      "processing_date": "2024-01-20T10:00:00Z",
      "validation_status": "VALIDATED",
      "validation_notes": "Perfect match - no variance",
      "legacy_notes": "Full semester payment",
      "parsed_note_type": "STANDARD_PAYMENT",
      "parsed_amount_adjustment": null,
      "parsed_percentage_adjustment": null,
      "parsed_authority": "",
      "parsed_reason": "",
      "ar_transaction_mapping": "PAYMENT_RECEIVED",
      "normalized_note": "full semester payment",
      "notes_processing_confidence": "1.00",
      "created_at": "2024-01-20T10:00:00Z",
      "updated_at": "2024-01-20T10:00:00Z",
      "created_by": 1,
      "updated_by": 1
    }
  },
  {
    "model": "finance.DiscountRule",
    "pk": 1,
    "fields": {
      "rule_name": "Early Bird Discount",
      "rule_type": "EARLY_BIRD",
      "pattern_text": "early bird",
      "discount_percentage": "10.00",
      "fixed_amount": null,
      "applies_to_terms": ["2024S1", "2024S2"],
      "applies_to_programs": [],
      "is_active": true,
      "effective_date": "2024-01-01",
      "times_applied": 5,
      "last_applied_date": "2024-01-18T10:00:00Z",
      "created_at": "2024-01-01T08:00:00Z",
      "updated_at": "2024-01-18T10:00:00Z",
      "created_by": 1,
      "updated_by": 1
    }
  },
  {
    "model": "finance.DiscountRule",
    "pk": 2,
    "fields": {
      "rule_name": "Cash Payment Plan",
      "rule_type": "CASH_PLAN",
      "pattern_text": "cash payment plan",
      "discount_percentage": "5.00",
      "fixed_amount": null,
      "applies_to_terms": [],
      "applies_to_programs": [],
      "is_active": true,
      "effective_date": "2024-01-01",
      "times_applied": 12,
      "last_applied_date": "2024-01-19T14:30:00Z",
      "created_at": "2024-01-01T08:00:00Z",
      "updated_at": "2024-01-19T14:30:00Z",
      "created_by": 1,
      "updated_by": 1
    }
  },
  {
    "model": "finance.DiscountRule",
    "pk": 3,
    "fields": {
      "rule_name": "Monk Special Pricing",
      "rule_type": "MONK",
      "pattern_text": "monk",
      "discount_percentage": "50.00",
      "fixed_amount": null,
      "applies_to_terms": [],
      "applies_to_programs": [],
      "is_active": true,
      "effective_date": "2024-01-01",
      "times_applied": 3,
      "last_applied_date": "2024-01-15T11:00:00Z",
      "created_at": "2024-01-01T08:00:00Z",
      "updated_at": "2024-01-15T11:00:00Z",
      "created_by": 1,
      "updated_by": 1
    }
  },
  {
    "model": "finance.ReconstructionScholarshipEntry",
    "pk": 1,
    "fields": {
      "student": 1,
      "term": 1,
      "scholarship_type": "SCHOOL",
      "scholarship_amount": "200.00",
      "scholarship_percentage": "15.00",
      "discovered_from_receipt": "R001235",
      "discovery_notes": "Found 15% scholarship notation in receipt notes",
      "requires_reprocessing": false,
      "applied_to_reconstruction": true,
      "created_at": "2024-01-20T11:00:00Z",
      "updated_at": "2024-01-20T11:30:00Z",
      "created_by": 1,
      "updated_by": 1
    }
  },
  {
    "model": "finance.ClerkIdentification",
    "pk": 1,
    "fields": {
      "clerk_name": "JOHN",
      "computer_identifier": "COMPUTER1",
      "receipt_id_pattern": "R######_JOHN_COMPUTER1",
      "extraction_confidence": "HIGH",
      "first_seen_date": "2023-08-01T08:00:00Z",
      "last_seen_date": "2024-01-20T17:00:00Z",
      "receipt_count": 245,
      "verified_by_user": true,
      "verification_notes": "Primary cashier for morning shift",
      "created_at": "2024-01-20T08:00:00Z",
      "updated_at": "2024-01-20T12:00:00Z",
      "created_by": 1,
      "updated_by": 1
    }
  },
  {
    "model": "finance.ClerkIdentification",
    "pk": 2,
    "fields": {
      "clerk_name": "MARY",
      "computer_identifier": "COMPUTER2",
      "receipt_id_pattern": "R######_MARY_COMPUTER2",
      "extraction_confidence": "HIGH",
      "first_seen_date": "2023-08-01T13:00:00Z",
      "last_seen_date": "2024-01-19T17:00:00Z",
      "receipt_count": 189,
      "verified_by_user": true,
      "verification_notes": "Primary cashier for afternoon shift",
      "created_at": "2024-01-20T08:00:00Z",
      "updated_at": "2024-01-20T12:00:00Z",
      "created_by": 1,
      "updated_by": 1
    }
  },
  {
    "model": "finance.ReconciliationBatch",
    "pk": 1,
    "fields": {
      "batch_id": "RECON-2024-001",
      "batch_type": "INITIAL",
      "start_date": "2024-01-01",
      "end_date": "2024-01-31",
      "status": "COMPLETED",
      "total_payments": 75,
      "processed_payments": 75,
      "successful_matches": 68,
      "failed_matches": 7,
      "started_at": "2024-02-01T08:00:00Z",
      "completed_at": "2024-02-01T14:00:00Z",
      "parameters": {"confidence_threshold": 0.8, "auto_match": true},
      "results_summary": {"avg_confidence": 0.92, "total_variance": "234.75"},
      "error_log": "7 payments could not be automatically matched",
      "created_at": "2024-02-01T08:00:00Z",
      "updated_at": "2024-02-01T14:00:00Z",
      "created_by": 1,
      "updated_by": 1
    }
  },
  {
    "model": "finance.ReconciliationStatus",
    "pk": 1,
    "fields": {
      "payment": 1,
      "status": "FULLY_RECONCILED",
      "confidence_level": "HIGH",
      "confidence_score": "100.00",
      "pricing_method_applied": "DEFAULT",
      "variance_amount": "0.00",
      "variance_percentage": "0.00",
      "refinement_attempts": 0,
      "last_attempt_date": null,
      "confidence_history": [],
      "refinement_strategies_tried": [],
      "reconciled_date": "2024-02-01T10:00:00Z",
      "reconciled_by": 1,
      "notes": "Perfect match with invoice amount",
      "error_category": "",
      "error_details": {},
      "reconciliation_batch": 1,
      "created_at": "2024-02-01T10:00:00Z",
      "updated_at": "2024-02-01T10:00:00Z",
      "created_by": 1,
      "updated_by": 1
    }
  },
  {
    "model": "finance.ReconciliationStatus",
    "pk": 2,
    "fields": {
      "payment": 2,
      "status": "AUTO_ALLOCATED",
      "confidence_level": "MEDIUM",
      "confidence_score": "85.00",
      "pricing_method_applied": "DEFAULT",
      "variance_amount": "0.00",
      "variance_percentage": "0.00",
      "refinement_attempts": 1,
      "last_attempt_date": "2024-02-01T11:00:00Z",
      "confidence_history": [{"timestamp": "2024-02-01T11:00:00Z", "old_confidence": 80.0, "new_confidence": 85.0, "method": "pattern_match", "reason": "Additional enrollment data found"}],
      "refinement_strategies_tried": ["pattern_match"],
      "reconciled_date": "2024-02-01T11:00:00Z",
      "reconciled_by": 1,
      "notes": "Partial payment reconciled with remaining balance",
      "error_category": "",
      "error_details": {},
      "reconciliation_batch": 1,
      "created_at": "2024-02-01T10:30:00Z",
      "updated_at": "2024-02-01T11:00:00Z",
      "created_by": 1,
      "updated_by": 1
    }
  },
  {
    "model": "finance.ReconciliationAdjustment",
    "pk": 1,
    "fields": {
      "gl_account": 4,
      "adjustment_type": "PRICING_VARIANCE",
      "description": "Minor pricing variance due to legacy system rounding",
      "original_amount": "450.00",
      "adjusted_amount": "450.50",
      "variance": "0.50",
      "payment": 2,
      "journal_entry": null,
      "reconciliation_status": 2,
      "student": 2,
      "term": 1,
      "reconciliation_batch": 1,
      "requires_approval": false,
      "approved_by": null,
      "approved_date": null,
      "created_at": "2024-02-01T11:00:00Z",
      "updated_at": "2024-02-01T11:00:00Z",
      "created_by": 1,
      "updated_by": 1
    }
  },
  {
    "model": "finance.ReconciliationRule",
    "pk": 1,
    "fields": {
      "rule_name": "Exact Amount Match",
      "rule_type": "AMOUNT_TOLERANCE",
      "description": "Match payments with exact invoice amounts",
      "is_active": true,
      "priority": 10,
      "confidence_threshold": "95.00",
      "parameters": {"tolerance": 0.00, "require_exact_match": true},
      "times_applied": 45,
      "success_count": 43,
      "last_applied": "2024-02-01T10:00:00Z",
      "created_at": "2024-01-01T08:00:00Z",
      "updated_at": "2024-02-01T10:00:00Z",
      "created_by": 1,
      "updated_by": 1
    }
  },
  {
    "model": "finance.ReconciliationRule",
    "pk": 2,
    "fields": {
      "rule_name": "Small Variance Tolerance",
      "rule_type": "AMOUNT_TOLERANCE",
      "description": "Allow small variances up to $5.00",
      "is_active": true,
      "priority": 20,
      "confidence_threshold": "85.00",
      "parameters": {"tolerance": 5.00, "percentage_tolerance": 2.0},
      "times_applied": 23,
      "success_count": 19,
      "last_applied": "2024-02-01T11:00:00Z",
      "created_at": "2024-01-01T08:00:00Z",
      "updated_at": "2024-02-01T11:00:00Z",
      "created_by": 1,
      "updated_by": 1
    }
  },
  {
    "model": "finance.ReconciliationRule",
    "pk": 3,
    "fields": {
      "rule_name": "Student Payment History",
      "rule_type": "STUDENT_HISTORY",
      "description": "Match based on student payment patterns",
      "is_active": true,
      "priority": 30,
      "confidence_threshold": "80.00",
      "parameters": {"look_back_terms": 3, "pattern_weight": 0.7},
      "times_applied": 15,
      "success_count": 12,
      "last_applied": "2024-02-01T12:00:00Z",
      "created_at": "2024-01-01T08:00:00Z",
      "updated_at": "2024-02-01T12:00:00Z",
      "created_by": 1,
      "updated_by": 1
    }
  },
  {
    "model": "finance.MaterialityThreshold",
    "pk": 1,
    "fields": {
      "context": "INDIVIDUAL",
      "absolute_threshold": "10.00",
      "percentage_threshold": "5.00",
      "effective_date": "2024-01-01",
      "notes": "Individual payment variance threshold",
      "created_at": "2024-01-01T08:00:00Z",
      "updated_at": "2024-01-01T08:00:00Z",
      "created_by": 1,
      "updated_by": 1
    }
  },
  {
    "model": "finance.MaterialityThreshold",
    "pk": 2,
    "fields": {
      "context": "STUDENT",
      "absolute_threshold": "50.00",
      "percentage_threshold": "10.00",
      "effective_date": "2024-01-01",
      "notes": "Student account total variance threshold",
      "created_at": "2024-01-01T08:00:00Z",
      "updated_at": "2024-01-01T08:00:00Z",
      "created_by": 1,
      "updated_by": 1
    }
  },
  {
    "model": "finance.MaterialityThreshold",
    "pk": 3,
    "fields": {
      "context": "BATCH",
      "absolute_threshold": "500.00",
      "percentage_threshold": "2.00",
      "effective_date": "2024-01-01",
      "notes": "Batch processing variance threshold",
      "created_at": "2024-01-01T08:00:00Z",
      "updated_at": "2024-01-01T08:00:00Z",
      "created_by": 1,
      "updated_by": 1
    }
  },
  {
    "model": "finance.MaterialityThreshold",
    "pk": 4,
    "fields": {
      "context": "PERIOD",
      "absolute_threshold": "2000.00",
      "percentage_threshold": "1.00",
      "effective_date": "2024-01-01",
      "notes": "Monthly period aggregate variance threshold",
      "created_at": "2024-01-01T08:00:00Z",
      "updated_at": "2024-01-01T08:00:00Z",
      "created_by": 1,
      "updated_by": 1
    }
  }
]